/gear/index.html   /gear/   301!
/gear.html /gear/ 301
/copyright.html /copyright-dmca.html 301
/404.html / 301
/prototype/stocking-prototype.html  /stocking-advisor.html  302
/stocking.html /stocking-advisor.html 301
/university/ /pages/university.html 301
/university /pages/university.html 301
